{
    "setup_data": {
        "backend": "rust",
        "scenario": "baseline"
    },
    "root_group": {
        "name": "",
        "path": "",
        "id": "d41d8cd98f00b204e9800998ecf8427e",
        "groups": {},
        "checks": {}
    },
    "metrics": {
        "websocket_message_send_success": {
            "passes": 10,
            "fails": 0,
            "thresholds": {
                "rate>0.98": false
            },
            "value": 1
        },
        "http_req_receiving": {
            "max": 0.263917,
            "p(90)": 0.220375,
            "p(95)": 0.257166,
            "avg": 0.14560323809523812,
            "min": 0.069375,
            "med": 0.12425
        },
        "ws_msgs_received": {
            "count": 10,
            "rate": 0.03332928518612903
        },
        "http_req_waiting": {
            "max": 46.1905,
            "p(90)": 17.173667,
            "p(95)": 18.62525,
            "avg": 10.59771433333333,
            "min": 1.872209,
            "med": 7.303667
        },
        "http_reqs": {
            "count": 21,
            "rate": 0.06999149889087096
        },
        "http_req_blocked": {
            "avg": 0.3992699523809524,
            "min": 0.003666,
            "med": 0.403167,
            "max": 1.350083,
            "p(90)": 1.234791,
            "p(95)": 1.313667
        },
        "data_sent": {
            "count": 11682,
            "rate": 38.935270954435936
        },
        "http_req_sending": {
            "p(90)": 0.201417,
            "p(95)": 0.256542,
            "avg": 0.10888095238095237,
            "min": 0.014541,
            "med": 0.093083,
            "max": 0.300541
        },
        "ws_sessions": {
            "count": 10,
            "rate": 0.03332928518612903
        },
        "http_req_connecting": {
            "avg": 0.2844761904761905,
            "min": 0,
            "med": 0.305708,
            "max": 0.9845,
            "p(90)": 0.75925,
            "p(95)": 0.823
        },
        "vus": {
            "value": 1,
            "min": 0,
            "max": 10
        },
        "http_req_duration{expected_response:true}": {
            "max": 46.300292,
            "p(90)": 17.327042,
            "p(95)": 18.987875,
            "avg": 10.852198523809522,
            "min": 2.145459,
            "med": 7.664958
        },
        "websocket_connection_success": {
            "fails": 0,
            "passes": 10,
            "thresholds": {
                "rate>0.95": false
            },
            "value": 1
        },
        "http_req_tls_handshaking": {
            "min": 0,
            "med": 0,
            "max": 0,
            "p(90)": 0,
            "p(95)": 0,
            "avg": 0
        },
        "participant_joins": {
            "count": 10,
            "rate": 0.03332928518612903
        },
        "websocket_message_send_duration": {
            "p(95)": 0.5499999999999996,
            "avg": 0.1,
            "min": 0,
            "med": 0,
            "max": 1,
            "p(90)": 0.1000000000000002
        },
        "http_req_duration": {
            "max": 46.300292,
            "p(90)": 17.327042,
            "p(95)": 18.987875,
            "avg": 10.852198523809522,
            "min": 2.145459,
            "med": 7.664958,
            "thresholds": {
                "p(95)<100": false,
                "p(99)<200": false
            }
        },
        "websocket_connecting_duration": {
            "avg": 1.8,
            "min": 1,
            "med": 1.5,
            "max": 4,
            "p(90)": 3.1,
            "p(95)": 3.55
        },
        "data_received": {
            "rate": 42.01822983415287,
            "count": 12607
        },
        "http_req_failed": {
            "passes": 0,
            "fails": 21,
            "thresholds": {
                "rate<0.01": false
            },
            "value": 0
        },
        "vus_max": {
            "value": 10,
            "min": 10,
            "max": 10
        },
        "ws_connecting": {
            "p(90)": 2.5502205000000004,
            "p(95)": 3.1504642499999993,
            "avg": 1.6461000000000001,
            "min": 0.685584,
            "med": 1.4150415,
            "max": 3.750708
        },
        "ws_msgs_sent": {
            "count": 10,
            "rate": 0.03332928518612903
        }
    }
}